Al Kabeer Master SKU,Competitor Brand Names,Competitor Offers
BC40 - BEEF CUBES,,
BF - BEEF TENDERLOIN/FILLET,,
BTS - BEEF TOPSIDE ALK,,
BVL3 - VEAL LEGS 3.6,,
CBBAGPR - AK PRO BEEF BURGER 24,,
CBBG100 - CHAR.JUMBO BEEF BURGERS BULK(100G)6*1 KG,,
CBBO - 4 BEEF BURGERS,,
CBBO24 - 24 BEEF BURGERS,,
CBBOA - BEEF BURGERS BULK,,
CBBOT - TAYEBAT BEEF BURGERS ONION BULK,,
CBBUR - BEEF BURGERS 56 g.,,
CBK - BEEF KIBBEH 400,,
CCCB - CHICKEN BIRYANI 400,,
CCCTM - CHICKEN TIKKA MAKHANI & PILAU RICE,,
CCF - CHICKEN FRIES,,
CCFA - CHICKEN FRIES BULK,1. Al Islami,1. al islami chicken nuggets 2x500 gm / chicken popcorn 2x500 gm / chicken fries 2x400 gm (400 gm)
CCKSB - CHICKEN STICKS BULK,,
CCKSHA - CHICKEN STICK BULK HOT & SPICY,,
CCMS - MOZZERELLA CHEESE STICKS,,
CCMSA - MOZZARELLA CHEESE STICKS,,
CCSAK - 12 CHEESE SAMOSAS,,
CCSAKA - CHEESE SAMOSAS BULK,,
CCSAKPR - A.K PRO CHEESE SAMOSA,,
CCSK - KIRI CHEESE SAMOSA,,
CCSKJP - Kiri Cheese & Jalapeño Samosas 240 g. X 20,,
CCSKZR - Kiri Cheese & Zaatar Samosas 240 g. X 20,,
CCSRA - 8 CHEESE SPRING ROLLS,,
CFB - BEEF FRANKS,,
CFBF - BREADED FISH FILLET,,
CFBFA - BREADED FISH FILLET BULK,"1. Non Branded
2. Asmak
3. Adriana
4. others
5. Dari","1. Fish Fillets 1Kg (1 kg)
2. ASMAK FISH WHITE FILLETS 1KG (1 kg)
3. Adriana White Fish Fillets 1Kg (1 kg)
4. Fish Fillet 1 kg (1 kg)
5. White Fish Fillet 1 kg (1 kg)"
CFBJ - JUMBO HOTDOGS,,
CFS - FISH FINGERS 300,,
CFSA - FISH STICKS BULK,,
CFZFB - ZING FISH FILLETS MILD SPICY,,
CKB - ARABIC KOFTA,,
CKB24PR - AK PRO CHICKEN BURGER 24,,
CKBB - 8 BREADED CHICKEN BURGERS,,
CKBBA50 - BREADED CHICKEN BURGERS 50GM CAT,,
CKBBAD - Breaded Chicken Burger Bag (56 g.),,
CKBBADPR - AK PRO Breaded Chicken Burger Bag 840 g. x 8,,
CKBBS - 8 BREADED CHICKEN BURGER HOT & SPICY,,
CKBBT - TAYEBAT BREADED CHICKEN BURGERS BULK,,
CKBBTY - TAYEBAT BREADED CHICKEN BURGERS 840 g. x 8 Pkts,,
CKBCF - BREADED CHICKEN FILLETS,,
CKBCFFAPR - AK PRO Breaded Chicken Fillets,,
CKBCFH - BREADED CHICKEN FILLETS HOT N SPICY,,
CKBCFHA - BREADED CHICKEN FILLETS HOT N SPICY BULK,"1. Seara
2. Qualiko
3. Sadia
4. Lulu
5. Al Zook","1. Seara Spicy Breaded Chicken Fillet 1000 gm (1 kg)
2. Qualiko Breaded chicken Fillets 1kg (1 kg)
3. Sadia Breaded Chicken Zings Fillet 1000 gm (1000 gm)
4. Lulu Breaded Chicken Fillet 1 kg (1 kg)
5. AL-ZOOK BREADED CHICKEN FILLET 900 GM  (900 gm)"
CKBCFHDA - BREADED CHICKEN FILLET SPICY 750 GMS,"1. Al Wadi
2. Seara
3. Al Wadi
4. Sadia
5. Seara
6. Seara
7. Seara
8. Seara
9. Seara
10. Seara
11. Seara
12. Americana
13. Asaffa
14. Asaffa
15. Asaffa
16. Asaffa
17. Seara
18. Seara
19. Al Wadi
20. Seara
21. Al Zain
22. Al Zain
23. Al Zain
24. Eastco
25. Al Zain
26. Crispy Bites
27. Al Zain
28. Farm Fresh
29. Farm Fresh
30. Al Islami
31. Farm Fresh
32. Farm Fresh
33. Al Areesh
34. Chill Berry
35. Chill Berry
36. Chill Berry
37. Lulu
38. Lulu
39. Lulu
40. Al Zain
41. Lulu
42. Lulu
43. Lulu
44. Seara
45. Farm Fresh
46. Seara
47. Seara
48. Sadia
49. Farm
50. Lulu
51. Lulu
52. Crispy Bites
53. Crispy Bites
54. Crispy Bites
55. Lulu
56. Freshly Foods (Fff)
57. Al Areesh
58. Crispy Bites
59. Qualiko
60. Eastco
61. Qualiko
62. Qualiko
63. Lulu
64. Farm
65. Farm
66. Farm Fresh
67. Farm Fresh
68. Farm Fresh
69. Crispy Bites
70. Crispy Bites
71. Siniora
72. Farm Fresh
73. Seara
74. Al Areesh","1. Al wadi SPICY BREADED CHICKEN FILLET 750 gm (750 gm)
2. Seara Spicy Breaded Chicken Fillet 1000 gm (1 kg)
3. Al wadi SPICY BREADED CHICKEN FILLET 750 gm (750 gm)
4. Sadia Breaded Chicken Fillets / Chicken Nuggets 750gm (750 gm)
5. Chicken Fillet Spicy 2x750g (750 gm)
6. Chicken Fillet Spicy 2x750g (750 gm)
7. Chicken Fillet Spicy 2x750g (750 gm)
8. Chicken Fillet Spicy 2x750g (750 gm)
9. Chicken Fillet Spicy 2x750g (750 gm)
10. Chicken Fillet Spicy 2x750g (750 gm)
11. Chicken Fillet Spicy 2x750g (750 gm)
12. Americana Chicken Fillet 420gm x 2 / Chicken Fries 400gm x 2 (2x400 gm)
13. A'saffa Breaded Chicken Fillet/Nuggets 400 gm x 2 (400 gm)
14. A'saffa Breaded Chicken Fillet/Nuggets 400 gm x 2 (400 gm)
15. A'saffa Breaded Chicken Fillet/Nuggets 400 gm x 2 (400 gm)
16. A'saffa Breaded Chicken Fillet/Nuggets 400 gm x 2 (400 gm)
17. Seara Spicy Chicken Strips 750 gm +250 gm / Spicy Chicken Fillets 750gm + 250 gm / Chicken Fillet 750 gm + 250 gm ((750+250) gm)
18. Seara Chicken Fillet/Fillet Spicy 750gm (750 gm)
19. Al wadi SPICY BREADED CHICKEN FILLET 750 gm (750 gm)
20. Seara Chicken Fillet/Fillet Spicy 750gm (750 gm)
21. Al Zain Breaded Chicken Fillet 2x400 gm (2x400 gm)
22. Al Zain Breaded Chicken Fillet 2x400 gm (2x400 gm)
23. Al Zain Breaded Chicken Fillet 2x400 gm (2x400 gm)
24. Eastco Breaded Chicken Fillet Spicy 1kg (1 kg)
25. Al Zain Breaded Chicken Fillet 2x400 gm (2x400 gm)
26. Lulu Breaded Chicken Fillet 750 gm + 250 gm ((750+250) gm)
27. Al Zain Breaded Chicken Fillet 2x400 gm (2x400 gm)
28. Farm Fresh Breaded Chicken Fillet 2x420 gm Chicken Fries 2x400 gm (400 gm)
29. Farm Fresh Chicken Nuggets 2x400g, Breaded Chicken Fillet 2x400g (400 gm)
30. Al Islami Breaded Chicken Nuggets/Chicken Fillet 500gm x2 (500 gm)
31. Farm Fresh Chicken Nuggets 2x400g, Breaded Chicken Fillet 2x400g (400 gm)
32. Farm Fresh Chicken Nuggets 2x400g, Breaded Chicken Fillet 2x400g (400 gm)
33. Breaded Chicken Strips 700gm (700 gm)
34. Chill Bery Breaded Chicken Fillet Spicy/Regular 2x400 gm (400 gm)
35. Chill Bery Breaded Chicken Fillet Spicy/Regular 2x400 gm (400 gm)
36. Chill Bery Breaded Chicken Fillet Spicy/Regular 2x400 gm (400 gm)
37. LuLu Breaded Chicken Fillet 400 gm x 2 (400 gm)
38. LuLu Breaded Chicken Fillet 400 gm x 2 (400 gm)
39. LuLu Breaded Chicken Fillet 400 gm x 2 (400 gm)
40. Al Zain Breaded Chicken Fillet 2x400 gm (2x400 gm)
41. LuLu Breaded Chicken Fillet 400 gm x 2 (400 gm)
42. Lulu Breaded Chicken Fillet 750 gm + 250 gm ((750+250) gm)
43. LuLu Breaded Chicken Fillet 400 gm x 2 (400 gm)
44. Seara Chicken Fillets/Spicy /Nuggets 750 gm+250 gm ((750+250) gm)
45. Farm Fresh Chicken Nuggets 2x400g, Breaded Chicken Fillet 2x400g (400 gm)
46. Seara Chicken Fillets/Spicy /Nuggets 750 gm+250 gm ((750+250) gm)
47. Seara Chicken Fillets/Spicy /Nuggets 750 gm+250 gm ((750+250) gm)
48. Broasted Chicken Fillets / Broasted Chicken Strips 2 X 750 gm (750 gm)
49. Farm Breaded Chicken Fillet 750 gm (750 gm)
50. LuLu Breaded Chicken Fillet 750gm (750 gm)
51. LuLu Breaded Chicken Fillet 750gm (750 gm)
52. Lulu Breaded Chicken Fillet 750 gm + 250 gm ((750+250) gm)
53. Lulu Breaded Chicken Fillet 750 gm + 250 gm ((750+250) gm)
54. Lulu Breaded Chicken Fillet 750 gm + 250 gm ((750+250) gm)
55. LuLu Breaded Chicken Fillet 400 gm x 2 (400 gm)
56. FFF Breaded Chicken Fillet 350g (350 gm)
57. ALAREESH Breaded Chicken Fillet 2x335 gm (335 gm)
58. Lulu Breaded Chicken Fillet 750 gm + 250 gm ((750+250) gm)
59. Breaded Chicken Nuggets, 700 gm (700 gm)
60. Eastco Breaded Chicken Fillet /Nuggets 1 kg (1 kg)
61. Breaded Chicken Nuggets, 700 gm (700 gm)
62. Breaded Chicken Nuggets, 700 gm (700 gm)
63. LuLu Breaded Chicken Fillet 750gm (750 gm)
64. Farm Breaded Chicken Fillet 750 gm (750 gm)
65. Farm Breaded Chicken Fillet 750 gm (750 gm)
66. Farm Fresh Breaded Chicken Fillet 2x400g (420 gm)
67. Farm Fresh Breaded Chicken Fillet 2x400g (420 gm)
68. Farm Fresh Breaded Chicken Fillet 2x400g (420 gm)
69. Lulu Breaded Chicken Fillet 750 gm + 250 gm ((750+250) gm)
70. Lulu Breaded Chicken Fillet 750 gm + 250 gm ((750+250) gm)
71. Siniora Chicken Fillets Spicy 750 gm (750 gm)
72. Farm Fresh Breaded Chicken Fillet 2x400g (420 gm)
73. Seara Chicken Fillets/Spicy /Nuggets 750 gm+250 gm ((750+250) gm)
74. Al Areesh Chicken Krazy Nuggets 500gm x2/ Breaded Fillet 330gm x 2 (500 gm)"
CKBCFNSA - BREADED CHICKEN FILLET NON-SPICY 750 GMS,,
CKBCFNSAP - Breaded Chicken Fillets Non Spicy +33% Free,,
CKBCFS - BREADED CHICKEN FILLETS BULK,,
CKBCS - BEEF COCKTAIL SAUSAGES,,
CKBMTY - TAYEBAT BEEF MEAT BALLS 1 kg x 10 Pkts,,
CKBS - 8 BEEF SEEKH KEBAB,,
CKBT - TAYEBAT CHICKEN BURGER,"1. Tayebat Al Emarat
2. Tayebat Al Emarat
3. Seara
4. Seara
5. Doux
6. Shahia
7. Shahia
8. Taybat
9. Taybat
10. Herfy Foods","1. TAYEBAT Breaded Chicken Burgers 900 gm (900 gm)
2. TAYEBAT Breaded Chicken Burgers 900 gm (900 gm)
3. Seara Chicken Burgers 12's / 20's (900/1000Gm) (900 gm)
4. Seara Chicken Burgers 12's / 20's (900/1000Gm) (900 gm)
5. Doux Chicken Burgers 660gm (660 gm)
6. Shahia Chicken Burgers Jumbo 1000 gm (1000 gm)
7. Shahia Chicken Burgers Jumbo 1000 gm (1000 gm)
8. Taybat 20 chicken burgers 1 kg (1 kg)
9. Taybat 20 chicken burgers 1 kg (1 kg)
10. Herfy Breaded Chicken Burgers (840/900g) (900 gm)"
CKBTY - TAYEBAT CHICKEN BURGERS 1 kg x 10 Pkts,,
CKBW - BBQ CHICKEN WINGS 400,,
CKCCN - CHICKEN  N CHEESE NUGGETS,,
CKCCNS - CHICKEN & CHEESE STICKS HOT & SPICY,,
CKCCR - CHICKEN ‘N’ CHEESE RINGS 300,,
CKCCS - CHICKEN & CHEESE STICKS,,
CKCCSA - CHICKEN & CHEESE STICKS BULK,,
CKCCSHA - CHICKEN & CHEESE STICKS SPICY BULK,,
CKCCSP - CHICKEN & CHEESE STICKS TWIN PROMO PACK,,
CKCK - CHICKEN KOFTA 300,,
CKCKB - CHICKEN BURGERS 56 g,,
CKCM - CHICKEN MINCE 400,,
CKCMF - CHICKEN MINCE (15% FREE ),,
CKCS - 8 CHICKEN SEEKH KEBAB,,
CKCSB - CHICKEN SEEKH KEBAB BULK,,
CKFNSTY - TAYEBAT BREADED CHICKEN FILLETS NON SPICY 1 kg x 10 Pkts,,
CKJCNA - JUMBO CHICKEN NUGGETS,,
CKJS - JUMBO CHICKEN STICKS (BULK),,
CKK - CHICKEN KIBBEH 400,,
CKKB - 4 CHICKEN BURGERS,,
CKKB100B - CHARGRILLED JUMBO CHICKEN BURGERS,,
CKKB24 - 24 CHICKEN BURGERS,"1. Radwa
2. Radwa
3. Arctic Gold
4. Al Areesh","1. Radwa Chicken Burger 1120gm / Breaded 1440gm x 2pcs (1440 gm)
2. Radwa Chicken Burger 1120gm / Breaded 1440gm x 2pcs (1440 gm)
3. Arctic Gold Burger Chicken 24 Chicken Burgers 1.2 kg (1.2 kg)
4. AL AREESH CHICKEN BURGER 12000M 24""S (1200 gm)"
CKKB24A - 24 CHICKEN BURGERS BULK,,
CKKB24F - 24 CHICKEN BURGERS (4PCS FREE),,
CKKB50PR - AK PRO Chicken Burger 50 g. 1 kg x 10,,
CKKB8 - 8 CHICKEN BURGERS,,
CKKBJ - JUMBO BREADED CHICKEN BURGER 100G BULK,"1. Tayebat Al Emarat
2. Sadia
3. Seara
4. Herfy Foods
5. Prime","1. Breaded Chicken Burgers 900gm (900 gm)
2. Breaded Chicken Burger 1KG/840 gm (840 gm)
3. SEARA BREADED CHICKEN BURGER JUMBO /CHICKEN BURGER 1000GM (1000 gm)
4. Herfy Breaded Chicken Burgers (840/900g) (900 gm)
5. PRIME BREADED CHICKEN BURGER 1000GM (1000 gm)"
CKMB - CHICKEN MEAT BALLS,,
CKMBA - CHICKEN MEAT BALLS BULK,,
CKMBAB - CHICKEN MEAT BALLS CATERING PACK 1 kg x 5 pkts,,
CKMCB - TENDER CHICKEN BREAST,"1. Al Zook
2. Tayba
3. Tanmiah
4. Dari
5. Tamimi Markets","1. Tender Chicken Breast 1kg (1 kg)
2. Tender Chicken Breast 1 kg (1 kg)
3. Al Kabeer Tender Chicken Breast 0.5 kg (1 kg)
4. Tender Chicken Breast 1 kg (1 kg)
5. TM Tender Chicken Breast 1 kg (1 kg)"
CKMCBA - TENDER CHICKEN BREAST SPICY FLAVOURED,,
CKN - CHICKEN NUGGETS,,
CKN400 - CHICKEN NUGGETS (400G),,
CKNA - CHICKEN NUGGETS BULK 1x5,,
CKNAD - CHICKEN NUGGETS 750 GMS,"1. Seara
2. Lulu
3. Panda
4. Seara
5. Seara
6. Seara
7. Seara
8. Seara
9. Lulu
10. Farm
11. Sadia
12. Lulu
13. Sadia
14. Sadia
15. Sadia
16. Sadia
17. Farm
18. Seara
19. Farm
20. Miza
21. Lulu
22. Lulu
23. Lulu
24. Lulu
25. Radwa
26. Radwa
27. Doux
28. Farm
29. Cucina
30. Cucina
31. Cucina
32. Al Ain
33. Sadia
34. Panda
35. Lulu
36. Radwa
37. Al Ain
38. Al Ain
39. Al Ain
40. Cucina","1. Seara Chicken Nuggets 2x350gm (350 gm)
2. Lulu Chicken Nuggets 750 Gm (750 gm)
3. Panda Chicken Nuggets 1+1x 400g (400 gm)
4. Seara Chicken Nuggets 2x350gm (350 gm)
5. Chicken Nuggets 750gm (750 gm)
6. Chicken Nuggets 750gm (750 gm)
7. Chicken Nuggets 750gm (750 gm)
8. Chicken Nuggets 750gm (750 gm)
9. Lulu Chicken Nuggets 750 Gm (750 gm)
10. Farm CHICKEN NUGGETS 750 gm (750 gm)
11. Sadia Chicken Nuggets 2x(400 gm) (400 gm)
12. Lulu Chicken Nuggets 750 Gm (750 gm)
13. Sadia Chicken Nuggets 750g + 250g FREE / Chicken Nuggets 2 X400g / Chicken Nuggets 270g - 2 + 1 (2x400 gm)
14. Sadia Chicken Nuggets 750g + 250g FREE / Chicken Nuggets 2 X400g / Chicken Nuggets 270g - 2 + 1 (2x400 gm)
15. Sadia Chicken Nuggets 750g + 250g FREE / Chicken Nuggets 2 X400g / Chicken Nuggets 270g - 2 + 1 (2x400 gm)
16. Sadia Chicken Nuggets 750g + 250g FREE / Chicken Nuggets 2 X400g / Chicken Nuggets 270g - 2 + 1 (2x400 gm)
17. Farm CHICKEN NUGGETS 750 gm (750 gm)
18. Sear Chicken Nuggets 750 gm  (750 gm)
19. Farm CHICKEN NUGGETS 750 gm (750 gm)
20. Miza Chicken Nuggets (1500 gm) (1500 gm)
21. LuLu Chicken Nuggets 250gm x3 (250 gm)
22. LuLu Chicken Nuggets 250gm x3 (250 gm)
23. LuLu Chicken Nuggets 250gm x3 (250 gm)
24. LuLu Chicken Nuggets 250gm x3 (250 gm)
25. Radwa Chicken Nuggets 2x400 gm (400 gm)
26. Radwa Chicken Nuggets 2x400 gm (400 gm)
27. Doux Chicken Nuggets 400 gm /  500gm (500 gm)
28. Farm CHICKEN NUGGETS 750 gm (750 gm)
29. CUCINA Chicken Nuggets 1X 800gm (800 gm)
30. CUCINA Chicken Nuggets 1X 800gm (800 gm)
31. CUCINA Chicken Nuggets 1X 800gm (800 gm)
32. Al Ain Chicken Nuggets 2x400g Special Offer (400 gm)
33. Sadia Chicken Nuggets 750Gm (750 gm)
34. Panda Chicken Nuggets (750g) (750 gm)
35. Lulu Chicken Nuggets 750 Gm (750 gm)
36. Radwa Chicken Nuggets 2x400 gm (400 gm)
37. Al Ain Chicken Nuggets 2x400g Special Offer (400 gm)
38. Al Ain Chicken Nuggets 2x400g Special Offer (400 gm)
39. Al Ain Chicken Nuggets 2x400g Special Offer (400 gm)
40. CUCINA Chicken Nuggets 1X 800gm (800 gm)"
CKNAPP - Chicken Nuggets +33% Free,,
CKNAPR - AK PRO CHICKEN NUGGETS BULK,,
CKNCKSP - Chicken Nuggets + Free Chicken Samosa Combo Pack,,
CKNHSA - CHICKEN NUGGETS HOT & SPICY BULK,,
CKNHSD - Chicken Nuggets HOT n SPICY,,
CKNK - KRAZEE CHICKEN NUGGETS 400,,
CKNKDA - KRAZEE CHICKEN NUGGETS SPICY 750 GRM,,
CKNKDAP - Krazee Chicken Nuggets +33% Free,,
CKNKP - KRAZEE CHICKEN NUGGETS TWIN PROMO PACK,,
CKNKPP - KRAZEE CHICKEN NUGGETS +25% FREE,,
CKNNAPR - AK PRO Chicken Nuggets 1 kg x 10,,
CKNTMP - Tempura Chicken Nuggets Non Spicy,"1. Sadia
2. Farm Fresh
3. Sadia
4. Sadia
5. Sadia
6. Sadia
7. Seara
8. Seara
9. Seara
10. Seara
11. Seara
12. Lulu
13. Americana
14. Americana
15. Americana
16. Americana
17. Qualiko
18. Al Areesh
19. Al Areesh
20. Al Areesh
21. Al Areesh
22. Sunbulah
23. Farm Fresh
24. Freshly Foods (Fff)
25. Freshly Foods (Fff)
26. Freshly Foods (Fff)","1. Sadia Chicken Nuggets Tempura / Tempura Nuggets Spicy 750gm (750 gm)
2. FARM TEMPURA CHICKEN NUGGETS 700 GM / FRIES 750 gm (750 gm)
3. Sadia Chicken Nuggets Tempura Spicy / Chicken Nuggets Tempura 2 X 750 gm (750 gm)
4. Sadia Chicken Nuggets Tempura / Chicken Nuggets Tempura Spicy 2 X 750 gm (750 gm)
5. Sadia Chicken Nuggets Tempura / Chicken Nuggets Tempura Spicy 2 X 750 gm (750 gm)
6. Sadia Chicken Nuggets Tempura / Chicken Nuggets Tempura Spicy 2 X 750 gm (750 gm)
7. Seara Chicken Nuggets Tempura / Nuggets 750 gm (750 gm)
8. Chicken Nuggets Tempura 750g/Chicken Nuggets 750g+250g (750 gm)
9. Chicken Nuggets Tempura 750g/Chicken Nuggets 750g+250g (750 gm)
10. Chicken Nuggets Tempura 750g/Chicken Nuggets ((750+250) gm)
11. Chicken Nuggets Tempura 750g/Chicken Nuggets 750g+250g (750 gm)
12. LuLu Tempura Chicken Nuggets 700gm (700 gm)
13. CHICKEN NUGGETS 750 gm + 250 gm / TEMPURA CHICKEN NUGGETS 700 gm +300 gm ((700+300) gm)
14. CHICKEN NUGGETS 750 gm + 250 gm / TEMPURA CHICKEN NUGGETS 700 gm +300 gm ((700+300) gm)
15. CHICKEN NUGGETS 750 gm + 250 gm / TEMPURA CHICKEN NUGGETS 700 gm +300 gm ((700+300) gm)
16. CHICKEN NUGGETS 750 gm + 250 gm / TEMPURA CHICKEN NUGGETS 700 gm +300 gm ((700+300) gm)
17. QUALIKO CHICKEN NUGGETS SPICY 750 gm (750 gm)
18. Spicy Chicken Tempura Nuggets 700Gm (700 gm)
19. Spicy Chicken Tempura Nuggets 700Gm (700 gm)
20. Spicy Chicken Tempura Nuggets 700Gm (700 gm)
21. Spicy Chicken Tempura Nuggets 700Gm (700 gm)
22. Sunbulah Chicken Nuggets 2x400 gm (400 gm)
23. Tempura Chicken Nuggets 1000 gm (1000 gm)
24. FFF tempura nuggets 750 gm + chicken nuggets 750 gm (750 gm)
25. FFF tempura nuggets 750 gm + chicken nuggets 750 gm (750 gm)
26. FFF tempura nuggets 750 gm + chicken nuggets 750 gm (750 gm)"
CKNTY - TAYEBAT CHICKEN NUGGETS 1 kg x 10 Pkts,,
CKPC - CHICKEN POP-CORN,,
CKPCDA - CHICKEN POP-CORN 750 GMS,,
CKPSAPR - AK PRO Plain Chicken Strips 30 g. 1 kg x 10,,
CKSA - 12 CHICKEN SAMOSAS,,
CKSAA - CHICKEN SAMOSAS BULK,,
CKSAP - CHICKEN SAMOSAS TWIN PROMO PACK,,
CKSAPR - AK PRO CHICKEN SAMOSA,,
CKSK - SHISH KEBAB,,
CKSR - 8 CHICKEN SPRING ROLLS,,
CKSRA - CHICKEN SPRING ROLL BULK (5*1120G),,
CKSRP - 8 CHICKEN SPRING ROLLS TWIN PROMO PACK,,
CKST - SHISH TAWOOK,,
CKSTA - SHISH TAWOOK BULK,,
CKSTY - TAYEBAT BREADED CHICKEN STRIPS NON SPICY 1 kg x 10 Pkts,,
CKTCB - TENDER CHICKEN BREAST TRAY PACK,,
CKTCK - TURKISH CHICKEN KEBAB,,
CKTCT - TANDOORI CHICKEN TIKKA,,
CKTCTB - TANDOORI CHICKEN TIKKA BULK,,
CKTN - TANDOORI CHICKEN NUGGETS 270,,
CKZF - ZING CHICKEN FILLETS 465,,
CKZFA - ZING CHICKEN FILLETS BULK (5*1 KG),,
CKZFA5 - ZING CHICKEN FILLET BULK 5-OUNCE,,
CKZFACKNP - Zing Chicken Fillets Spicy + Free Chicken Nuggets,,
CKZFBC - Butter Chicken Zing Fillets 700 g. x 8,,
CKZFCCFAP - Zing Chicken Fillets Spicy + Free Chicken Fries Bulk,,
CKZFDA - ZING CHICKEN FILLETS SPICY 750 GRM,"1. Seara
2. Seara
3. Seara
4. Seara
5. Seara
6. Seara
7. Seara
8. Seara
9. Seara
10. Sadia
11. Sadia
12. Sadia
13. Sadia
14. Al Areesh
15. Al Areesh
16. Al Areesh
17. Al Areesh
18. Al Areesh
19. Americana
20. Americana
21. Americana
22. Bibi
23. Siniora
24. Siniora
25. Siniora
26. Siniora
27. Farm Fresh
28. Al Wadi
29. Al Wadi
30. Tamimi Markets
31. Royal
32. Farm Fresh
33. Farm Fresh
34. Farm Fresh
35. Farm Fresh
36. Al Islami
37. Royal
38. Royal
39. Al Wadi
40. Al Islami
41. Al Islami
42. Al Islami
43. Al Islami
44. Prime","1. Seara Chicken Fillet/Fillet Spicy 750gm (750 gm)
2. Seara Chicken Fillet/Fillet Spicy 750gm (750 gm)
3. Seara Chicken Fillets/Spicy 400 gm (400 gm)
4. Seara Zingz Chicken Fillet / Strips Zingz / Fillet 750gm (750 gm)
5. Seara Spicy Chicken Fillets  2X750 Gm (750 gm)
6. Seara Spicy Chicken Fillets  2X750 Gm (750 gm)
7. Seara Spicy Chicken Fillets  2X750 Gm (750 gm)
8. Seara Spicy Chicken Fillets  2X750 Gm (750 gm)
9. Seara Chicken Strips/Spicy/Chicken Fillets 750 gm+250 gm ((750+250) gm)
10. SADIA ZING CHICKEN FILLETS 750G (750 gm)
11. SADIA ZING CHICKEN FILLETS 750G (750 gm)
12. SADIA ZING CHICKEN FILLETS 750G (750 gm)
13. SADIA ZING CHICKEN FILLETS 750G (750 gm)
14. Zing Chicken Fillet Spicy Zing Chicken Strips Spicy 700 gm (700 gm)
15. Zing Chicken Fillet Spicy Zing Chicken Strips Spicy 700 gm (700 gm)
16. Zing Chicken Fillet Spicy Zing Chicken Strips Spicy 700 gm (700 gm)
17. Zing Chicken Fillet Spicy Zing Chicken Strips Spicy 700 gm (700 gm)
18. Zing Chicken Fillet Spicy Zing Chicken Strips Spicy 700 gm (700 gm)
19. Americana Zing Chicken Fillets 700 gm (700 gm)
20. Americana Zing Chicken Fillets 700 gm (700 gm)
21. Americana Zing Chicken Fillets 700 gm (700 gm)
22. Bibi ZING CHICKEN STRIPS SPICY 750 gm (750 gm)
23. Siniora Chicken Fillets Spicy 750 gm (750 gm)
24. Siniora Chicken Fillets Spicy 750 gm (750 gm)
25. Siniora Chicken Fillets Spicy 750 gm (750 gm)
26. Siniora Chicken Fillets Spicy 750 gm (750 gm)
27. FarmFresh Zing Chicken Strips/Fillets 700 gm (700 gm)
28. AL WADI CHICKEN FILLET SPICY 750 gm (750 gm)
29. AL WADI CHICKEN FILLET SPICY 750 gm (750 gm)
30. Tamimi Markets Chicken Fillets Spicy 400 GRAMS (400 gm)
31. Royal Chicken Fillet/ Zingz 10x750g (or) Royal Chicken Strips Regular / spicy (750 gm)
32. FarmFresh Zing Chicken Strips/Fillets 700 gm (700 gm)
33. FarmFresh Zing Chicken Strips/Fillets 700 gm (700 gm)
34. FarmFresh Zing Chicken Strips/Fillets 700 gm (700 gm)
35. FarmFresh Zing Chicken Strips/Fillets 700 gm (700 gm)
36. Al Islami Zing Chicken Fillet Spicy, Zing Chicken Strips Spicy 700g (700 gm)
37. Royal Chicken Fillets 750 gm (750 gm)
38. Royal Chicken Fillets 750 gm (750 gm)
39. AL WADI CHICKEN FILLET SPICY 750 gm (750 gm)
40. Al Islami Zing Chicken Fillet Spicy, Zing Chicken Strips Spicy 700g (700 gm)
41. Al Islami Zing Chicken Fillet Spicy, Zing Chicken Strips Spicy 700g (700 gm)
42. Al Islami Zing Chicken Fillet Spicy, Zing Chicken Strips Spicy 700g (700 gm)
43. Al Islami Zing Chicken Fillet Spicy, Zing Chicken Strips Spicy 700g (700 gm)
44. Prime Chicken Zing Strips Spicy 750g (750 gm)"
CKZFDA5 - Zing Chicken Fillets 5-Ounce,"1. Sadia
2. Al Falaq
3. Al Areesh
4. Royal
5. Al Areesh
6. Farm Fresh
7. Americana
8. Al Ain
9. Seara
10. Seara
11. Seara
12. Farm
13. Prime","1. SADIA ZING CHICKEN FILLETS 750G (750 gm)
2. Al Falaq Chicken Zing R Fillets 800 gm  (800 gm)
3. Al Areeh Zing Chicken Fillets / Strips 700 gm (700 gm)
4. Royal Chicken Fillets 750 gm (750 gm)
5. Al Areesh Chicken Zing Fillets 700 gm (700 gm)
6. Farm Fresh Zing Chicken Fillets 700g Zing Chicken Strips 700g Zing Chicken Strips 700gm (700 gm)
7. Americana Zing Chicken Fillets 700 gm (700 gm)
8. Al Ain Chicken Fillet Zing 2x400gm (400 gm)
9. SEARA 250G+750G CHICKEN STRIPS CHICKEN FILLETS ((750+250) gm)
10. Seara Chicken Fillet / Zing-zo (750 gm) (750 gm)
11. Seara Chicken Fillets 750Gm (750 gm)
12. Farm Chicken Fillet 750 gm   (750 gm)
13. Prime Chicken Zing Fillet 750 gm (750 gm)"
CKZFDATS - Zing Chicken Fillets Tamiya,"1. Sadia
2. Seara
3. Royal
4. Al Falaq
5. Seara
6. Prime
7. Americana
8. Al Areesh
9. Al Watania Poultry
10. Freshly Foods (Fff)","1. SADIA ZING CHICKEN FILLETS 750G (750 gm)
2. Seara Chicken Fillets 750Gm (750 gm)
3. Royal Chicken Fillets 750 gm (750 gm)
4. Al Falaq Chicken Zing R Fillets 800 gm  (800 gm)
5. Seara Zingz Chicken Fillet / Strips Zingz / Fillet 750gm (750 gm)
6. Prime Chicken Zing Fillet 750 gm (750 gm)
7. Americana Zing Chicken Fillets 700 gm (700 gm)
8. Al Areesh Chicken Zing Fillets 700 gm (700 gm)
9. Al Watania Chicken Fillet Zinger Spicy 800 GM (800 gm)
10. Freshly Chicken Zing 0-Fillet 800 GM (800 gm)"
CKZFNS - ZING CHICKEN FILLET NON-SPICY,"1. Seara
2. Seara
3. Seara
4. Seara
5. Seara
6. Seara
7. Seara
8. Seara
9. Seara
10. Seara
11. Seara
12. Seara
13. Americana
14. Sadia
15. Sadia
16. Sadia
17. Sadia
18. Sadia
19. Sadia
20. Al Areesh
21. Al Areesh
22. Al Areesh
23. Al Areesh
24. Al Areesh
25. Al Areesh
26. Farm
27. Farm
28. Americana
29. Farm
30. Farm
31. Miza
32. Prime
33. Prime
34. Prime
35. Prime
36. Al Islami
37. Prime
38. Al Wadi
39. Al Wadi
40. Farm
41. Al Wadi
42. Al Wadi
43. Farm
44. Freshly Foods (Fff)
45. Freshly Foods (Fff)
46. Freshly Foods (Fff)
47. Farm Fresh
48. Nami
49. Freshly Foods (Fff)
50. Royal
51. Royal
52. Al Wadi
53. Panda
54. Royal
55. Al Wadi
56. Al Ain
57. Al Ain
58. Al Ain
59. Al Islami
60. Prime
61. Al Ain","1. Seara Chicken Fillet/Fillet Spicy 750gm (750 gm)
2. Seara Chicken Fillet/Fillet Spicy 750gm (750 gm)
3. Seara Chicken Fillet/Fillet Spicy 750gm (750 gm)
4. Seara Chicken Fillet/Fillet Spicy 750gm (750 gm)
5. Seara Chicken Fillet/Fillet Spicy 750gm (750 gm)
6. Seara Chicken Fillet/Fillet Spicy 750gm (750 gm)
7. Chicken Fillet Spicy 2x750g (750 gm)
8. Chicken Fillet Spicy 2x750g (750 gm)
9. Chicken Fillet Spicy 2x750g (750 gm)
10. Chicken Fillet Spicy 2x750g (750 gm)
11. Chicken Fillet Spicy 2x750g (750 gm)
12. Chicken Fillet Spicy 2x750g (750 gm)
13. Americana Zing Chicken Fillet 420gm x 2 Fries / popcorn/ Nuggets 400gm x 2 (2x400 gm)
14. Sadia CHICKEN ZING FILLET 750 gm (750 gm)
15. Sadia CHICKEN ZING FILLET 750 gm (750 gm)
16. Sadia CHICKEN ZING FILLET 750 gm (750 gm)
17. Sadia CHICKEN ZING FILLET 750 gm (750 gm)
18. Sadia CHICKEN ZING FILLET 750 gm (750 gm)
19. Sadia CHICKEN ZING FILLET 750 gm (750 gm)
20. Zing Chicken Fillet Non-spicy 700 gm (700 gm)
21. Zing Chicken Fillet Non-spicy 700 gm (700 gm)
22. Zing Chicken Fillet Non-spicy 700 gm (700 gm)
23. Zing Chicken Fillet Non-spicy 700 gm (700 gm)
24. Al Areesh	 Zing Chicken Fillet Spicy /Zing Fillet Non Spicy1kg (1 kg)
25. Zing Chicken Fillet Non-spicy 700 gm (700 gm)
26. Farm Chicken Fillet 750 gm   (750 gm)
27. Farm Chicken Fillet 750 gm   (750 gm)
28. ZINGZ CHICKEN FILLET 1 KG (1 kg)
29. Farm Chicken Fillet 750 gm   (750 gm)
30. Farm Chicken Fillet 750 gm   (750 gm)
31. Miza Chicken Fillet 1500 gm (1500 gm)
32. Prime Chicken Fillet Zing 750 gm (750 gm)
33. Prime Chicken Fillet Zing 750 gm (750 gm)
34. Prime Chicken Zing Fillet 750 gm (750 gm)
35. Prime Chicken Fillet Zing 750 gm (750 gm)
36. Zing Chicken Fillet / Strips (Spicy) 940 gm (940 gm)
37. Prime Chicken Zing Fillet 750 gm (750 gm)
38. AL WADI CHICKEN FILLET SPICY 750 gm (750 gm)
39. AL WADI CHICKEN FILLET SPICY 750 gm (750 gm)
40. Farm Chicken Fillet 750 gm   (750 gm)
41. AL WADI CHICKEN FILLET SPICY 750 gm (750 gm)
42. AL WADI CHICKEN FILLET SPICY 750 gm (750 gm)
43. Farm Chicken Fillet 750 gm   (750 gm)
44. Freshly Chicken Zing 0-Fillet 800 GM (800 gm)
45. Freshly Chicken Zing 0-Fillet 800 GM (800 gm)
46. Freshly Chicken Zing 0-Fillet 800 GM (800 gm)
47. Farm Fresh ZING CHICKEN FILLET/STRIPS SPICY & NON SPICY 700 gm (700 gm)
48. Nami Chicken Fillet Zing 420 gm (420 gm)
49. Freshly Chicken Zing 0-Fillet 800 GM (800 gm)
50. ROYAL CHICKEN FILLET 750GM (750 gm)
51. ROYAL CHICKEN FILLET 750GM (750 gm)
52. AL WADI CHICKEN FILLET SPICY 750 gm (750 gm)
53. Panda Chicken Fillet (750g) (750 gm)
54. ROYAL CHICKEN FILLET 750GM (750 gm)
55. AL WADI CHICKEN FILLET SPICY 750 gm (750 gm)
56. Al Ain Chicken Fillet Zing 2x400gm (400 gm)
57. Al Ain Chicken Fillet Zing 2x400gm (400 gm)
58. Al Ain Chicken Fillet Zing 2x400gm (400 gm)
59. Al Islami Zing Chicken Fillet Spicy, Zing Chicken Strips Spicy 700g (700 gm)
60. Prime Chicken Fillet Zing 750 gm (750 gm)
61. Al Ain Chicken Fillet Zing 2x400gm (400 gm)"
CKZL - ZING CHICKEN LOLLIPOP 420,,
CKZLA - ZING CHICKEN LOLLIPOP BULK (5*1KG),,
CKZN - ZING CHICKEN NUGGETS REGULAR,,
CKZNNS - ZING CHICKEN NUGGET NON-SPICY,"1. Sadia
2. Sadia
3. Lulu
4. Doux
5. Farm
6. Lulu
7. Seara
8. Farm
9. Golden Chicken
10. Seara","1. SADIA CHICKEN NUGGET 750 GM (750 gm)
2. SADIA CHICKEN NUGGET 750 GM (750 gm)
3. Lulu Chicken Nuggets 750 Gm (750 gm)
4. DOUX CHICKEN NUGGETS, 1 KG (1 kg)
5. Farm CHICKEN NUGGETS 750 gm (750 gm)
6. Lulu Chicken Nuggets 750 Gm (750 gm)
7. Seara Chicken Nuggets 2x350gm (350 gm)
8. Farm CHICKEN NUGGETS 750 gm (750 gm)
9. Golden Chicken Chicken Nuggets (750 gm) (750 gm)
10. Seara Chicken Nuggets 2x350gm (350 gm)"
CKZS - ZING CHICKEN STRIPS,,
CKZSCKNP - Zing Strips Non Spicy + Free Chicken Nuggets Combo Pack,,
CKZSDA - ZING CHICKEN STRIPS SPICY 750 GRM,"1. Bibi
2. Seara
3. Seara
4. Seara
5. Seara
6. Seara
7. Seara
8. Al Areesh
9. Al Areesh
10. Al Areesh
11. Al Areesh
12. Al Areesh
13. Bibi
14. Bibi
15. Bibi
16. Bibi
17. Bibi
18. Bibi
19. Farm Fresh
20. Farm Fresh
21. Farm Fresh
22. Farm Fresh
23. Farm Fresh
24. Nabil
25. Doux
26. Doux
27. Oggi
28. Nabil
29. Oggi
30. Seara
31. Seara
32. Seara
33. Seara
34. Seara
35. Doux
36. Nabil
37. Nabil
38. Nabil
39. Doux
40. Nabil
41. Prime
42. Prime
43. Prime
44. Prime
45. Prime
46. Sadia
47. Sadia
48. Sadia
49. Doux
50. Sadia
51. Doux
52. Americana
53. Americana
54. Americana
55. D'Pollo
56. Americana","1. Bibi Zing Chicken Strips Reg/Spicy/Popcorn 750g (750 gm)
2. Seara Chicken Strips/Strips Spicy 750gm (750 gm)
3. Seara Chicken Strips/Strips Spicy 750gm (750 gm)
4. Seara Chicken Strips/Strips Spicy 750gm (750 gm)
5. Seara Chicken Strips/Strips Spicy 750gm (750 gm)
6. Seara Chicken Strips/Strips Spicy 750gm (750 gm)
7. Seara Chicken Strips / Zing Strips 350 gm (350 gm)
8. Zing Chicken Strips Non-spicy, Zing Chicken Strips Spicy (700 gm)
9. Zing Chicken Strips Non-spicy, Zing Chicken Strips Spicy (700 gm)
10. Zing Chicken Strips Non-spicy, Zing Chicken Strips Spicy (700 gm)
11. Zing Chicken Strips Non-spicy, Zing Chicken Strips Spicy (700 gm)
12. Zing Chicken Strips Non-spicy, Zing Chicken Strips Spicy (700 gm)
13. Bibi ZING CHICKEN STRIPS SPICY 750 gm (750 gm)
14. Bibi ZING CHICKEN STRIPS SPICY 750 gm (750 gm)
15. Bibi ZING CHICKEN STRIPS SPICY 750 gm (750 gm)
16. Bibi ZING CHICKEN STRIPS SPICY 750 gm (750 gm)
17. Bibi ZING CHICKEN STRIPS SPICY 750 gm (750 gm)
18. Bibi ZING CHICKEN STRIPS SPICY 750 gm (750 gm)
19. ZING CHICKEN STRIPS (REG) 700GM PROMO ZING CHICKEN STRIPS (SPICY) T00GM PROMO (700 gm)
20. ZING CHICKEN STRIPS (REG) 700GM PROMO ZING CHICKEN STRIPS (SPICY) T00GM PROMO (700 gm)
21. ZING CHICKEN STRIPS (REG) 700GM PROMO ZING CHICKEN STRIPS (SPICY) T00GM PROMO (700 gm)
22. ZING CHICKEN STRIPS (REG) 700GM PROMO ZING CHICKEN STRIPS (SPICY) T00GM PROMO (700 gm)
23. ZING CHICKEN STRIPS (REG) 700GM PROMO ZING CHICKEN STRIPS (SPICY) T00GM PROMO (700 gm)
24. NABI CHICKEN STRIPS SPICY 750GM (750 gm)
25. Doux Chicken Strips Spicy 750gm (750 gm)
26. Doux Chicken Strips Spicy 700 gm (700 gm)
27. Oggi SPICY CHICKEN STRIPS 1 kg (1 kg)
28. NABI CHICKEN STRIPS SPICY 750GM (750 gm)
29. Oggi SPICY CHICKEN STRIPS 1 kg (1 kg)
30. Seara Chicken Strips/Zing Spicy 2x750Gm (750 gm)
31. Seara Chicken Strips/Zing Spicy 2x750Gm (750 gm)
32. Seara Chicken Strips/Zing Spicy 2x750Gm (750 gm)
33. Chicken Strips Or Spicy Chicken Strips 1500 gm (1500 gm)
34. Chicken Strips Or Spicy Chicken Strips 1500 gm (1500 gm)
35. Doux Chicken Strips Spicy 750gm (750 gm)
36. NABI CHICKEN STRIPS SPICY 750GM (750 gm)
37. NABI CHICKEN STRIPS SPICY 750GM (750 gm)
38. NABI CHICKEN STRIPS SPICY 750GM (750 gm)
39. Doux Chicken Strips Spicy 750gm (750 gm)
40. NABI CHICKEN STRIPS SPICY 750GM (750 gm)
41. Prime Chicken Zing Strips Spicy 750g (750 gm)
42. Prime Chicken Zing Strips Spicy 750g (750 gm)
43. Prime Chicken Zing Strips Spicy 750g (750 gm)
44. Prime Chicken Zing Strips Spicy 750g (750 gm)
45. Prime Chicken Zing Strips Spicy 750g (750 gm)
46. Sadia Chicken strips / spicy 750gm (750 gm)
47. Sadia Chicken strips / spicy 750gm (750 gm)
48. Sadia Chicken strips / spicy 750gm (750 gm)
49. Doux Chicken Strips Spicy 750gm (750 gm)
50. Sadia Chicken strips / spicy 750gm (750 gm)
51. Doux Chicken Strips Spicy 750gm (750 gm)
52. Chicken Strips Spicy 750 gm + 1 kg Fries Free (750 gm)
53. Chicken Strips Spicy 750 gm + 1 kg Fries Free (750 gm)
54. Chicken Strips Spicy 750 gm + 1 kg Fries Free (750 gm)
55. Zinger/Spicy Chicken Strips 2x300 gm (300 gm)
56. Chicken Strips Spicy 750 gm + 1 kg Fries Free (750 gm)"
CKZSNS - ZING CHICKEN STRIPS NON-SPICY,"1. Bibi
2. Bibi
3. Bibi
4. Farm Fresh
5. Al Areesh
6. Al Areesh
7. Al Areesh
8. Al Areesh
9. Al Areesh
10. Seara
11. Seara
12. Farm Fresh
13. Farm Fresh
14. Farm Fresh
15. Farm Fresh
16. Farm Fresh
17. Doux
18. Cucina
19. Cucina
20. Cucina
21. Cucina
22. Cucina
23. Panda
24. Seara
25. Seara
26. Seara
27. Seara
28. Seara
29. Royal
30. Prime
31. Prime
32. Prime
33. Prime
34. Prime","1. Bibi Zing Chicken Strips Reg/Spicy/Popcorn 750g (750 gm)
2. Bibi Zing Chicken Strips Reg/Spicy/Popcorn 750g (750 gm)
3. Bibi ZING CHICKEN STRIPS SPICY 750 gm (750 gm)
4. FARM FRESH ZING CHICKEN STRIPS (SPICY) 700G ZING CHICKEN POPS 2X420G (2x420 gm)
5. Zing Chicken Strips Non-spicy, Zing Chicken Strips Spicy (700 gm)
6. Zing Chicken Strips Non-spicy, Zing Chicken Strips Spicy (700 gm)
7. Zing Chicken Strips Non-spicy, Zing Chicken Strips Spicy (700 gm)
8. Zing Chicken Strips Non-spicy, Zing Chicken Strips Spicy (700 gm)
9. Zing Chicken Strips Non-spicy, Zing Chicken Strips Spicy (700 gm)
10. SEARA CHICKEN STRIPS / SPICY CHICKEN STRIPS ZING 750g (750 gm)
11. Seara Chicken Popcorn/Strips 2x350gm (2x350 gm)
12. ZING CHICKEN STRIPS 700G (700 gm)
13. ZING CHICKEN STRIPS 700G (700 gm)
14. ZING CHICKEN STRIPS 700G (700 gm)
15. ZING CHICKEN STRIPS 700G (700 gm)
16. ZING CHICKEN STRIPS 700G (700 gm)
17. Doux Chicken Strips 1+1x700 gm (700 gm)
18. Cucina Chicken Zing Strips/Strips 800g (800 gm)
19. Cucina Chicken Zing Strips/Strips 800g (800 gm)
20. Cucina Chicken Zing Strips/Strips 800g (800 gm)
21. Cucina Chicken Zing Strips/Strips 800g (800 gm)
22. Cucina Chicken Zing Strips/Strips 800g (800 gm)
23. Panda Chicken Strips 1+1x(750g) (750 gm)
24. Seara Chicken Strips/Zing Spicy 2x750Gm (750 gm)
25. Seara Chicken Strips/Zing Spicy 2x750Gm (750 gm)
26. Seara Chicken Strips/Zing Spicy 2x750Gm (750 gm)
27. Seara Chicken Strips/Zing Spicy 2x750Gm (750 gm)
28. Seara Chicken Strips/Zing Spicy 2x750Gm (750 gm)
29. Royal Chicken Strips Hot/ Royal Chicken Strips 2x750 gm (750 gm)
30. Prime Chicken Zing Strips 750gm (750 gm)
31. Prime Chicken Zing Strips 750gm (750 gm)
32. Prime Chicken Zing Strips 750gm (750 gm)
33. Prime Chicken Zing Strips 750gm (750 gm)
34. Prime Chicken Zing Strips 750gm (750 gm)"
CKZSNSAPR - AK PRO Zing Chicken Strips Non Spicy 1 kg x 10,,
CKZSSB - ZING CHICKEN STRIPS -SMOKEY BUFFALO,,
CKZSSR - ZING CHICKEN STRIPS SRIRACHA,,
CLK - LAMB KIBBEH,,
CLKA - LAMB KIBBEH BULK,,
CMBAK - MEAT BALLS,,
CMBAKA - MEAT BALLS BULK,,
CMBAKAPR - AK PRO Beef Meat Balls 1 kg x 10,,
CMSA - 12 MUTTON SAMOSAS,,
CMSAA - MUTTON SAMOSAS BULK,,
COCOS - chocolate Samosas 240 g x 20,,
CSB - BREADED SHRIMPS 250,,
CSBA - BREADED SHRIMPS BULK,,
CSJ - JUMBO PRAWNS,,
CSL - PRAWNS LARGE 400,,
CSM - PRAWNS MEDIUM 400,,
CSPCAPR - AK PRO JUMBO PRAWN CRISPIES,,
CSS - PRAWNS REGULAR,,
CSTC - TABARRUK COOKING SHRIMPS BULK,,
CSTCA - TABARRUK COOKING SHRIMPS FAMILY PACK,,
CSXL - PRAWNS EXTRA LARGE,,
CTBK - TURKISH BEEF KEBABS 360,,
CVF - FELAFEL,,
CVFA - FELAFEL BULK,,
CVFAG - FELAFEL GREEN BULK,,
CVJCS - JALAPENO & CHEESE STICKS 250,,
CVPS - FROZEN PUNJABI SAMOSA,,
CVSA - 12 VEGETABLE SAMOSAS,,
CVSAA - VEGETABLE SAMOSAS BULK,,
CVSAP - VEGETABLE SAMOSA TWIN PROMO PACK,,
CVSAPR - AK PRO VEGETABLE SAMOSA,,
CVSF - STUFFED FELAFEL,,
CVSR - 8 VEGETABLE SPRING ROLLS,,
CVSRA - VEGETABLE SPRING ROLLS BULK (5*1120G),,
CVSRP - 8 VEGETABLE SPRING ROLLS TWIN PROMO PACK,,
CZFNSCFHP - Zing Chicken Fillets Non Spicy + Free Chicken Fillets Spicy,,
CZSB - Zing Shrimps,"1. Americana
2. Al Islami","1. Zings Breaded Shrimps 400gm (400 gm)
2. Al Islami Zing Shrimps 2 x 350g (350 gm)"
FCD - CREAM DORI FISH FILLETS,,
FFW1 - WHITE FISH FILLET 1KG,,
FSAPR - AK PRO FISH FILLET,,
FSFT - TABARRUK SUTCHI FISH FILLET,"1. Tabarruk
2. Non Branded
3. others","1. TABARRUK SUTCHI FISH FILLET 2 KG (2 kg)
2. Fish Fillet 2x1 kg (1 kg)
3.  White Fish Fillet 2 kg (2 kg)"
LBVL - BONELESS VEAL LOCAL,,
LQUL - FROZEN QUAIL,,
MC40 - MUTTON CUBES,,
MRC - MUTTON RIB CHOPS,,
SFM - FISH MILK,,
SVPRP - PARATHA PLAIN PROMO  400gmsx3 Pktsx8,,
VBBD - BLACKBERRIES 350GM,,
VBLU - BLUEBERRY,,
VBLUD - BLUEBERRIES 350GM,,
VCB10A - BONELESS CHICKEN BREAST 10,,
VCOB - 8 CORN ON THE COB,,
VECC - CORN ON THE COB,,
VF6APR - AK PRO French Fries 2.5 kg x 4 (6x6 MM),,
VF6SAPR - AK PRO French Fries Salted & Coated 2.5 kg x 4 (6x6 MM),,
VFA - FRENCH FRIES 2.5x4,,
VFAPR - AK PRO FRENCH FRIES BULK,,
VFDC - Chicken Frank 340 G  x 24,,
VFFA - FRENCH FRIES 1,,
VFFATC - Thin Cut French Fries 1 kg x 10 pkts,,
VFKJ - CHICKEN JUMBO HOT DOGS,,
VFKJC - Chicken jumbo Hot Dogs 400 g x  24,,
VHBP - HASH BROWNS,,
VHBPA - HASH BROWN,,
VKCCSC - Chicken Cocktail  Frank 300 G  x 24,,
VMB - MIX BERRIES 400x20,,
VMBBD - Mix Berries 350 g. x 20,,
VMP - MANGO PULP NEW,,
VMS - MANGO SLICES,,
VPAN - PANEER CUBES,,
VPAN500 - PANEER CUBES 500,,
VPB - POTATO BITES,,
VPCR - Chocolate Paratha 270 g. x 24,,
VPMR - MALABAR PARATHA,,
VPR - PLAIN PARATHA,,
VPRP - PLAIN PARATHA PROMO,,
VPRW - PARATHA ROLL WHEAT,,
VPRWWP - Plain Paratha + Free Wheat Paratha Promo 400+400 g. x 12,,
VPS - PUNJABI SAMOSA,,
VRTP - TAY. PARATHA PLAIN,,
VSB - STRAWBERRIES,,
VSBAPR - AK PRO Strawberries 1 kg x 8,,
VSC - SWEET CORN 400,,
VSC10 - SWEET CORN BULK,,
VSW - SEASONED WEDGES,,
"VTOR - TORTILLA WRAPS HOT  N  SPICY 10.5""",,
"VTORP - TORTILLA WRAPS PLAIN 8""",,
VTORP10 - TORTILLA WRAPS PLAIN 10.5 INCHES,,
"VTORS - TORTILLA WRAPS HOT  N  SPICY 8""",,
VVGP - GREEN PEAS,,
VVGP9 - GREEN PEAS 900,,
VVGPC - Green Peas with Carrots,,
VVGPC9 - Green Peas with Carrots 900,,
VVMV - MIXED VEGETABLES 400,,
VVMV9 - MIXED VEGETABLES 900,,
VWF - WAFFLE FRIES,,
